id_telescopio,instalacion,nombre,instrumento
1,Anglo-Australian Telescope,3.9 m Anglo-Australian Telescope,UCLES Spectrograph
2,HATNet,Canon 200mm f/1.8L,2K CCD Sensor
3,K2,0.95 m Kepler Telescope,Kepler CCD Array
4,Kepler,0.95 m Kepler Telescope,Kepler CCD Array
5,SuperWASP,Canon 200mm f/1.8L,iKon-L CCD Camera
6,TrES,0.10 m Schmidt Telescope,2K CCD Sensor
7,La Silla Observatory,3.6 m ESO Telescope,HARPS Spectrograph
8,OGLE,1.3 m Warsaw University Telescope,OGLE CCD Array
9,La Silla Observatory,1.2 m Leonhard Euler Telescope,CORALIE Spectrograph
10,La Silla Observatory,1.52 m ESO Telescope,FEROS Spectrograph
11,W. M. Keck Observatory,10 m Keck I Telescope,HIRES Spectrometer
12,Haute-Provence Observatory,1.93 m Telescope,ELODIE Spectrograph
13,Multiple Observatories,Multiple Telescopes,Multiple Instruments
14,Transiting Exoplanet Survey Satellite (TESS),0.1 m TESS Telescope,TESS CCD Array
15,Arecibo Observatory,305 m Arecibo Radio Telescope,Arecibo Radio Reciever
16,Hubble Space Telescope,2.4 m Hubble Space Telescope,WFPC2 Camera
17,CoRoT,0.27 m CoRoT Telescope,CoRoT CCD Array
18,Las Campanas Observatory,6.5 m Magellan II Clay Telescope,MIKE Spectrograph
19,Paranal Observatory,8.2 m ESO VLT UT4 Yepun Telescope,NACO Camera
20,Haute-Provence Observatory,1.93 m Telescope,SOPHIE Spectrograph
21,Lick Observatory,3.0 m C. Donald Shane Telescope,Hamilton Echelle Spectrograph
22,Paranal Observatory,8.2 m ESO VLT UT3 Melipal Telescope,CRIRES+
23,KMTNet,1.6 m wide-field telescope,18k Mosaic CCD camera
24,SuperWASP-South,Canon 200mm f/1.8L,iKon-L CCD Camera
25,Multiple Facilities,Multiple Telescopes,Multiple Instruments
26,MOA,1.8 m MOA Telescope,MOA CCD Array
27,HATSouth,0.18 m Takahashi Epsilon Astrograph,Apogee 4K CCD Sensor
28,Roque de los Muchachos Observatory,3.58 m Telescopio Nazionale Galileo,HARPS-N Spectrograph
29,Qatar,Canon 400mm f/2.8L,FLI ProLine 4K CCD Sensor
30,Okayama Astrophysical Observatory,1.88 m Telescope,HIDES Echelle Spectrograph
31,Lick Observatory,0.6 m Coude Auxiliary Telescope,Hamilton Echelle Spectrograph
32,European Space Agency (ESA) Gaia Satellite,1.45 m x 0.5 m Telescope,Gaia CCD array
33,Las Campanas Observatory,6.5 m Magellan II Clay Telescope,Carnegie Planet Finder Spectrograph
34,Paranal Observatory,8.2 m ESO VLT UT3 Melipal Telescope,ESPRESSO
35,CHaracterising ExOPlanets Satellite (CHEOPS),0.3 m Ritchey-Chretien Telescope,Teledyne e2v CCD detector
36,European Southern Observatory,Multiple Telescopes,GRAVITY
37,HATNet,Multiple Telescopes,Multiple Instruments
38,Gemini Observatory,8.19 m Gemini South Telescope,Gemini Planet Imager
39,W. M. Keck Observatory,10 m Keck II Telescope,NIRC2 Camera
40,XO,Canon 200mm f/1.8L,Apogee CCD Array
41,McDonald Observatory,9.2 m Hobby-Eberly Telescope,High Resolution Spectrograph
42,Palomar Observatory,5.1 m Hale Telescope,PHARO Camera
43,KELT,Mamiya 645 80mm f/1.9,Apogee 4K CCD Sensor
44,Calar Alto Observatory,3.5 m telescope,CARMENES
45,Bohyunsan Optical Astronomical Observatory,1.8 m Telescope,BOES Echelle Spectrograph
46,Subaru Telescope,8.2 m Subaru Telescope,HiCIAO Camera
47,HATNet,Multiple Telescopes,Apogee 4K CCD Sensor
48,Gemini Observatory,8.19 m Gemini North Telescope,MAROON-X
49,Next-Generation Transit Survey (NGTS),20 cm NGTS telescope,NGTS CCD array
50,MEarth Project,0.4 m MEarth Telescope,Apogee CCD Sensor
51,Subaru Telescope,8.2 m Subaru Telescope,HDS Spectrograph
52,Cerro Tololo Inter-American Observatory,MEarth-South telescope array,Apogee CCD Sensor
53,La Silla Observatory,0.60 m Transiting Planets and Planetesimals Small Telescope,TRAPPISTCAM
54,SuperWASP,Canon 200mm f/1.8L,e2v CCD Camera
55,KELT-South,Mamiya 645 80mm f/1.9,Apogee 4K CCD Sensor
56,KELT-North,Mamiya 645 80mm f/1.9,Apogee 4K CCD Sensor
57,WASP-South,Canon 200mm f/1.8L,iKon-L CCD Camera
58,SuperWASP-North,Canon 200mm f/1.8L,Andor e2v CCD Camera
59,SPECULOOS Southern Observatory,Multiple Telescopes,Multiple Instruments
60,Spitzer Space Telescope,0.85 m Spitzer Space Telescope,IRAC Infrared Array Camera
61,Mauna Kea Observatory,3.58 m Canada-France-Hawaii Telescope (CFHT),SPIRou
62,Lick Observatory,Coude Auxiliary Telescope,Hamilton Echelle Spectrograph
63,Paranal Observatory,8.2 m ESO VLT UT3 Melipal Telescope,SPHERE
64,Subaru Telescope,8.2 m Subaru Telescope,Infrared Camera and Spectrograph (IRCS)
65,Gemini Observatory,8.19 m Gemini North Telescope,NIRI Camera
66,Mauna Kea Observatory,3.58 m Canada-France-Hawaii Telescope (CFHT),WIRCam
67,Teide Observatory,4.20 m William Herschel Telescope,ACAM Auxiliary Port Camera
68,Yunnan Astronomical Observatory,2.4 m Lijiang Station Telescope,VersArray 1300B CCD Camera
69,Paranal Observatory,4 m ESO Vista Telescope,VIRCAM CCD Array
70,Subaru Telescope,8.2 m Subaru Telescope,CIAO Camera
71,Zwicky Transient Facility,48-inch (1.2 m) Samuel Oschin telescope,CCD
72,James Webb Space Telescope (JWST),6.5 m James Webb Space Telescope,Mid-Infrared Instrument (MIRI)
73,La Silla Observatory,Multiple Telescopes,FEROS Spectrograph
74,McDonald Observatory,2.7 m Harlan J. Smith Telescope,Tull Coude Spectrograph
75,Winer Observatory,0.51 m Telescope,SBIG 6303e CCD Camera
76,Las Campanas Observatory,6.5 m Magellan I Baade Telescope,FIRE Spectrograph
77,Infrared Survey Facility,1.4 m IRSF Telescope,SIRIUS Camera
78,Hubble Space Telescope,2.4 m Hubble Space Telescope,ACS Camera
79,Roque de los Muchachos Observatory,3.58 m Telescopio Nazionale Galileo,SARG Spectrograph
80,Parkes Observatory,64 m Parkes Radio Telescope,Parkes Radio Receiver
81,Leoncito Astronomical Complex,2.15 m Jorge Sahade Telescope,VersArray 1300B CCD Camera
82,United Kingdom Infrared Telescope,3.8 m United Kingdom Infrared Telescope,WFCam Wide Field Camera
83,Gemini Observatory,8.19 m Gemini South Telescope,GMOS Spectrograph
84,KOINet,Multiple Telescopes,Multiple Instruments
85,Yunnan Astronomical Observatory,2.4 m Lijiang Station Telescope,6K CCD Mosaic
86,La Silla Observatory,2.2 m MPG/ESO Telescope,WFI Camera
87,Las Campanas Observatory,6.5 m Magellan II Clay Telescope,Clio2 Camera
88,Fred Lawrence Whipple Observatory,1.5 m Tillinghast Reflector Telescope,TRES Echelle Spectrograph
89,Cerro Tololo Inter-American Observatory,1.5 m CTIO Telescope,SIMON Near-Infrared Spectroimager
90,Las Campanas Observatory,Multiple Telescopes,Multiple Instruments
91,Large Binocular Telescope Observatory,Large Binocular Telescope,LMIRCam
92,Apache Point Observatory,2.5m Sloan Digital Sky Survey (SDSS) Telescope,KeckET
93,Haute-Provence Observatory,1.93 m Telescope,Multiple Instruments
94,HATSouth,Multiple Telescopes,Multiple Instruments
95,Acton Sky Portal Observatory,Rowe-Ackermann Schmidt Astrograph telescope,SBIG ST-8300M camera
96,La Silla Observatory,1.4 m CAT Telescope,CES Spectrograph
97,Thueringer Landessternwarte Tautenburg,2.0 m Alfred Jensch Telescope,Coude Echelle Spectrograph
98,Lowell Observatory,Perkins 1.8 m Telescope,PRISM CCD
99,Kitt Peak National Observatory,0.9 m KPNO Coude Feed Telescope,Exoplanet Tracker Interferometer
100,Mauna Kea Observatory,3.8m United Kingdom Infrared Telescope (UKIRT),WFCAM
101,Fred Lawrence Whipple Observatory,1.5 m Tillinghast Reflector Telescope,AFOE Echelle Spectrograph
102,Atacama Large Millimeter Array (ALMA),Atacama Large Millimeter Array (ALMA),12-m Array
103,Haleakala Observatory,1.8-m Ritchey-Chretien Telescope,Gigapixel Camera 1 (GPC1)
104,Lick Observatory,2.4 m Automated Planet Finder Telescope,Levy Spectrograph
105,Cerro Tololo Inter-American Observatory,1.5 m SMARTS telescope,CHIRON spectrometer
106,Subaru Telescope,8.2 m Subaru Telescope,Subaru Coronagraphic Extreme Adaptive Optics (SCExAO)
107,Subaru Telescope,8.2 m Subaru Telescope,Infrared Doppler (IRD)
108,Very Long Baseline Array,Multiple Telescopes,Multiple Instruments
109,Paranal Observatory,Very Large Telescope (Antu),FORS2
110,James Webb Space Telescope (JWST),6.5 m James Webb Space Telescope,NIRCam
111,South African Radio Astronomy Observatory (SARAO),MeerKAT Telescope,MeerKAT Radio Receiver
112,Xinglong Station,2.16 m Telescope,Coude Echelle Spectrograph
113,McDonald Observatory,9.2 m Hobby-Eberly Telescope,Habitable Zone Planet Finder (HPF) spectrograph
114,Lick Observatory,Automated Planet Finder Telescope,Levy Spectrograph
115,La Silla Observatory,3.6 m ESO Telescope,NIRPS Spectrograph
116,European Southern Observatory,Multiple Telescopes,Multiple Instruments
117,Apache Point Observatory,ARC 3.5m Telescope,Near-Infrared Camera & Fabry-Perot Spectrometer (NIC-FPS)
118,Paranal Observatory,8.2 m ESO VLT UT1 Antu Telescope,FORS2 Spectrograph
119,The 2 (Two) Micron All Sky Survey (2MASS),Fred Lawrence Whipple Observatory,2MASS Camera
120,La Silla Observatory,3.6 m ESO Telescope,Multiple Instruments
121,European Southern Observatory,8.2 m ESO VLT UT4 Yepun Telescope,Multi Unit Spectroscopic Explorer (MUSE)
122,La Silla Observatory,Multiple Telescopes,Multiple Instruments
123,Lowell Observatory,4.3 m Lowell Discovery Telescope,EXPRES spectrograph
124,NASA Infrared Telescope Facility (IRTF),3.2 m telescope,SpeX
125,Paranal Observatory,8.2 m ESO VLT UT4 Yepun Telescope,ERIS-NIX
126,La Silla Observatory,2.2 m MPG/ESO Telescope,FEROS Spectrograph
127,KELT,Multiple Telescopes,Multiple Instruments
128,Paranal Observatory,8.2 m ESO VLT UT3 Melipal Telescope,Multiple Instruments
129,McDonald Observatory,2.7m Harlan J. Smith Telescope,Tull Coude Spectrograph
130,University of Canterbury Mt John Observatory,1.0 m McLellan telescope,HERCULES echelle spectrograph
131,Wide-field Infrared Survey Explorer (WISE) Satellite Mission,0.4 m Telescope,HgCdTe and Si:As 1K Infrared Detectors
132,Acton Sky Portal Observatory,279mm RASA-11 wide-field telescope,FLI ML16200 camera
133,Hubble Space Telescope,2.4 m Hubble Space Telescope,WFC3 Camera
